Top queries,Clicks,Impressions,CTR,Position
penny central,404,558,72.4%,1.29
pennycentral,300,376,79.79%,1.1
pennycentral.com,13,14,92.86%,1
home depot penny items,2,70,2.86%,37.94
penny items home depot,2,37,5.41%,41.59
#pennyfinds,1,89,1.12%,6.04
penny items at home depot,1,40,2.5%,48.1
home depot penny deals,1,25,4%,56.76
home depot 1 cent items,1,10,10%,51.6
home depot penny item list,1,8,12.5%,42.88
penny ai home depot,1,8,12.5%,44.88
penny deals home depot,1,5,20%,63.8
home depot penny clearance today,1,4,25%,69.5
home depot penny list this week,1,3,33.33%,30.67
home depot penny item tracker,1,2,50%,20
penny items home depot website,1,1,100%,42
"""zero margin adjustment"" home depot",0,109,0%,1.03
home depot penny deals website lookup,0,43,0%,26.16
"""zero margin adjustment"" ""home depot""",0,41,0%,1.12
how to find penny items at home depot,0,34,0%,66.41
homedepot penny,0,21,0%,16.62
penny deals at home depot,0,20,0%,62.75
how to find home depot penny items,0,20,0%,67.8
home depot penny list,0,18,0%,34.78
penny list home depot,0,13,0%,20.77
home depot penny items list,0,12,0%,28.58
penny hunting home depot,0,11,0%,10.45
find penny items at home depot,0,11,0%,74.64
home depot penny items today,0,10,0%,30.3
what are home depot penny items,0,10,0%,60.7
homedepot penny item,0,10,0%,67.6
home depot penny shopping,0,10,0%,70.5
home depot penny items how to find,0,9,0%,73.78
"""zero margin adjustment"" home depot zma",0,8,0%,1.12
home depot penny,0,8,0%,53.5
home depot penny items app,0,8,0%,56.75
home depot 1 penny items,0,8,0%,65.38
home depot penny deals website search,0,7,0%,25.57
penny items in home depot,0,7,0%,51.71
how do you find penny items at home depot,0,7,0%,58.14
how to find penny items home depot,0,7,0%,63.43
the home depot penny items,0,7,0%,68.14
home depot.penny items,0,7,0%,69.14
1 penny home depot,0,7,0%,79.14
1 cent home depot,0,7,0%,80.29
penny sku,0,6,0%,20
penny shopping home depot,0,6,0%,52
1 penny items at home depot,0,6,0%,56.5
home depot one cent items,0,6,0%,59.5
home depot one penny items,0,6,0%,64.67
penny home depot items,0,6,0%,66.83
home depot oenny items,0,6,0%,68
home depot penny items near me,0,6,0%,68.67
home depot clearance penny items,0,6,0%,80.33
penny deals at home depot: a step-by-step guide,0,5,0%,16.2
home depot penny item finder,0,5,0%,22.4
penny home depot,0,5,0%,37
home depot 0.01 items,0,5,0%,51
penny shopping at home depot,0,5,0%,57.6
penny clearance home depot,0,5,0%,63.8
what is home depot penny items,0,5,0%,66.8
home depot penny items online,0,5,0%,69.4
does home depot have penny items,0,5,0%,74.2
#homedepotpenny,0,4,0%,5.75
home depot penny items 2026,0,4,0%,5.75
scouter penny app,0,4,0%,7
how to find penny skus at home depot,0,4,0%,24.5
home depot penny items canada,0,4,0%,43.25
penny item,0,4,0%,44.25
penny items home.depot,0,4,0%,52.75
.01 items at home depot,0,4,0%,55
penny items at home depot this week,0,4,0%,56.5
one penny items at home depot,0,4,0%,64.25
home depot penny list 2025,0,4,0%,64.5
how to find penny deals at home depot,0,4,0%,64.75
1 cent items at home depot,0,4,0%,65.5
how to find penny items at home depot online,0,4,0%,65.75
home depot penny clearance,0,4,0%,67.25
penny deal at home depot,0,4,0%,67.5
penny sales home depot,0,4,0%,77.75
penny skus,0,3,0%,19
home depot penny items website,0,3,0%,27
homedepot penny items,0,3,0%,43
home depot penny list 2024,0,3,0%,44.33
what are penny items at home depot,0,3,0%,47.33
how to find the home depot penny deals,0,3,0%,50.67
penny items from home depot,0,3,0%,51
penny deals home depot today,0,3,0%,52
penny sku home depot,0,3,0%,54.67
penny clearance,0,3,0%,57
how do i find penny items at home depot,0,3,0%,58
how to find .01 items at home depot,0,3,0%,63
penny items at home.depot,0,3,0%,63.67
does home depot sell penny items,0,3,0%,67.33
home depot items for a penny,0,3,0%,68.67
how to find homedepot penny items,0,3,0%,69
how to penny shop at home depot,0,3,0%,70.67
penny deal home depot,0,3,0%,70.67
how to find penny items at homedepot,0,3,0%,71
penny sales at home depot,0,3,0%,71.67
.01 cent items at home depot,0,3,0%,72.67
what is a penny item at home depot,0,3,0%,73.33
penny finder,0,3,0%,76.33
home depot inventory checker,0,3,0%,77
home depot penny sale,0,3,0%,77.33
home depot penny clearance items,0,3,0%,78
home depot penny items this week,0,3,0%,78.67
home depot 0.01,0,2,0%,5.5
home depot penny list today,0,2,0%,7
what are penny skus,0,2,0%,7
penny items at home depot near me,0,2,0%,17
penny sites,0,2,0%,17.5
home depot one cent items 2026,0,2,0%,19.5
current home depot penny items,0,2,0%,31
penny finder app for home depot,0,2,0%,34.5
homedepot penny app,0,2,0%,37.5
how to find penny items,0,2,0%,39
1 cent items home depot,0,2,0%,41.5
home depot .01 items,0,2,0%,45
home depot penny item,0,2,0%,49
how to find penny items at home depot app,0,2,0%,49
how to find the penny items at home depot,0,2,0%,51
penny finds at home depot,0,2,0%,52
the home depot penny deals,0,2,0%,53.5
how to find 1 cent items at home depot,0,2,0%,62.5
home depot penny item policy,0,2,0%,63.5
home depot penny clearance this week,0,2,0%,66
penny deals at home depot today,0,2,0%,68
home depot penny deal,0,2,0%,69.5
check home depot inventory,0,2,0%,72
home depot penny app,0,2,0%,75.5
home depot .01 deals,0,2,0%,76.5
home depot penny sales,0,2,0%,77
how to find home depot penny items online,0,2,0%,81
90 degree drill attachment home depot,0,2,0%,82
one penny home depot,0,2,0%,82.5
1 cent home depot items,0,2,0%,83.5
how to get penny deals at home depot,0,2,0%,89
home depot discontinued items,0,2,0%,98.5
1006325847,0,1,0%,5
pennyme,0,1,0%,5
home depot penny items what is it,0,1,0%,6
1010777797,0,1,0%,7
penny sku items,0,1,0%,7
$0.01 items,0,1,0%,8
penny list,0,1,0%,8
whats a penny item,0,1,0%,8
home depot penny items explanation,0,1,0%,9
home depot penny deals 2026,0,1,0%,10
scouter penny items,0,1,0%,10
#pennyitem,0,1,0%,11
home depot pennie items,0,1,0%,11
how to find $0.01 deals at home depot,0,1,0%,11
penny item finder app,0,1,0%,11
penny items,0,1,0%,11
pennylocator,0,1,0%,11
what is a penny sku,0,1,0%,11
penny home depot latest,0,1,0%,12
what's a penny item at home depot,0,1,0%,12
buying 1 penny items,0,1,0%,16
hky22855,0,1,0%,17
home depot one cent deals,0,1,0%,17
the home depot penny,0,1,0%,17
hampton bay duncan led pathway lights,0,1,0%,18
pennyfinds,0,1,0%,20
tm4020c80k,0,1,0%,20
home depot 0.01 items today,0,1,0%,21
penny finders,0,1,0%,23
penny item home depot,0,1,0%,23
husky de002-h,0,1,0%,24
home depot penny items sku list,0,1,0%,28
how to search for penny items at home depot,0,1,0%,28
$0.01 items at home depot,0,1,0%,36
"brookley 14 in. 2-light brushed gold semi-flush mount with white fabric 
shade",0,1,0%,37
how do you find the penny items at home depot,0,1,0%,42
how to find penny items in home depot,0,1,0%,42
home depot penny sale items,0,1,0%,43
penny items on home depot,0,1,0%,43
penny purchase home depot,0,1,0%,43
home depot items,0,1,0%,44
how to find items for a penny at home depot,0,1,0%,45
.01 home depot items,0,1,0%,46
how to check for penny items at home depot,0,1,0%,47
list of penny items at home depot,0,1,0%,48
penny items homedepot,0,1,0%,48
home depot penny deal finder,0,1,0%,49
find penny deals at home depot,0,1,0%,50
home depot cent items,0,1,0%,50
how to find home depot penny deals,0,1,0%,51
scouter home depot,0,1,0%,51
home depot penny policy pdf,0,1,0%,52
best home depot penny items this week,0,1,0%,53
find home depot penny deals,0,1,0%,54
penny price home depot,0,1,0%,54
how do penny items work at home depot,0,1,0%,55
items for a penny at home depot,0,1,0%,55
penny clearance at home depot,0,1,0%,55
penny items.home.depot,0,1,0%,55
home.depot penny deals,0,1,0%,57
penny app home depot,0,1,0%,58
home depot penny deals how to find,0,1,0%,59
penny homedepot,0,1,0%,60
befrugal home depot,0,1,0%,65
hampton bay pathway lights 6 pack,0,1,0%,65
home depot clearance items for a penny,0,1,0%,66
home depot penny sku,0,1,0%,69
penny app for home depot,0,1,0%,72
home depo penny items,0,1,0%,73
home.depot penny items,0,1,0%,73
penny item at home depot,0,1,0%,73
home depot 1 cent items today,0,1,0%,74
penny sale at home depot,0,1,0%,74
how to get penny items at home depot,0,1,0%,75
inventory checker home depot,0,1,0%,75
does home depot really have penny items,0,1,0%,76
home depot item finder,0,1,0%,76
home depot penny items 2025,0,1,0%,77
home depot penny items online this week,0,1,0%,77
home depot cent deals,0,1,0%,78
penny home depot deals,0,1,0%,79
penny items home depot this week,0,1,0%,81
hampton bay champlain vanity light,0,1,0%,82
how to find penny deals at home depot canada,0,1,0%,83
are penny items real at home depot,0,1,0%,86
how to find penny items on amazon,0,1,0%,86
home depot penny deals today,0,1,0%,87
can you buy penny items at home depot,0,1,0%,91
home depot 1 cent deals,0,1,0%,92
home depot penny ai,0,1,0%,92
does home depot actually have penny items,0,1,0%,96
home depot firex,0,1,0%,98
home depot 10 ft ladder,0,1,0%,99